,City,Cloudiness,Temp,Humidity,Lat,Lng,Wind Speed
0,bluff,12,84.92,30,-23.58,149.07,5.39
1,busselton,76,68.27,82,-33.64,115.35,16.02
2,huancavelica,12,31.64,91,-12.79,-74.97,1.59
3,ilulissat,80,23.0,73,69.22,-51.1,4.61
4,rikitea,36,68.81,100,-23.12,-134.97,19.26
5,atuona,0,79.34,100,-9.8,-139.03,14.45
6,tiksi,12,28.13,96,71.64,128.87,4.83
7,georgetown,0,77.0,94,6.8,-58.16,4.7
8,saint-pierre,0,44.44,93,48.95,4.24,4.7
9,gat,0,77.81,94,14.69,-16.54,4.72
10,vestmannaeyjar,92,41.54,100,63.44,-20.27,17.13
11,poum,32,44.51,95,41.28,20.71,1.7
12,carnarvon,0,37.13,72,-30.97,22.13,9.64
13,carira,0,70.43,87,-10.36,-37.7,10.2
14,norman wells,75,30.2,58,65.28,-126.83,6.93
15,mataura,80,45.14,100,-46.19,168.86,7.18
16,huarmey,88,61.16,81,-10.07,-78.15,2.93
17,hithadhoo,80,83.03,100,-0.6,73.08,23.06
18,hasaki,75,72.39,64,35.73,140.83,13.87
19,hilo,75,76.39,65,19.71,-155.08,11.41
20,raudeberg,92,44.6,75,61.99,5.14,16.11
21,albany,40,55.94,89,42.65,-73.75,2.15
22,shihezi,0,52.7,38,44.3,86.03,8.63
23,jamestown,0,56.03,80,-33.21,138.6,13.0
24,bathsheba,40,82.4,78,13.22,-59.52,10.29
25,guerrero negro,0,67.91,88,27.97,-114.04,6.96
26,vaini,0,75.11,89,15.34,74.49,4.27
27,luganville,0,77.27,100,-15.51,167.18,4.38
28,taoudenni,20,76.1,31,22.68,-3.98,5.61
29,radomsko,48,44.33,83,51.07,19.44,15.23
30,chokurdakh,80,31.73,100,70.62,147.9,11.1
31,kapaa,1,85.71,69,22.08,-159.32,13.87
32,baker city,1,54.86,41,44.77,-117.83,5.82
33,kruisfontein,0,51.62,97,-34.0,24.73,4.05
34,hobart,40,53.6,46,-42.88,147.33,8.05
35,ushuaia,75,32.0,92,-54.81,-68.31,13.87
36,inirida,0,77.81,82,3.87,-67.92,1.7
37,cordoba,56,49.91,84,5.59,-73.79,1.14
38,port alfred,64,59.54,100,-33.59,26.89,6.85
39,sao felix do xingu,0,75.11,93,-6.64,-51.99,1.92
40,surt,12,73.49,100,31.21,16.59,9.53
41,werda,0,41.95,75,50.44,12.3,3.36
42,tuktoyaktuk,75,23.0,85,69.44,-133.03,12.75
43,hermanus,0,39.83,94,-34.42,19.24,4.27
44,geraldton,90,50.0,100,49.72,-86.95,4.7
45,puerto madryn,12,53.96,64,-42.77,-65.04,12.77
46,bredasdorp,0,44.6,87,-34.53,20.04,3.36
47,east london,88,60.53,100,-33.02,27.91,9.75
48,yatou,75,78.8,94,3.63,9.81,2.71
49,maltahohe,0,53.78,32,-24.83,16.98,11.43
50,caravelas,36,77.36,100,-17.73,-39.27,16.58
51,fortuna,0,61.81,82,38.18,-1.13,2.24
52,cape town,0,51.8,71,-33.93,18.42,8.05
53,voh,0,71.78,97,-20.95,164.69,16.35
54,rio gallegos,20,42.8,60,-51.62,-69.22,25.28
55,conroe,1,79.59,93,30.31,-95.46,4.7
56,genhe,0,57.47,50,50.78,121.52,11.21
57,dwarka,40,77.0,83,28.58,77.04,4.7
58,clyde river,90,30.2,92,70.47,-68.59,2.24
59,avarua,40,77.0,47,-21.21,-159.78,13.87
60,mar del plata,32,49.91,50,-46.43,-67.52,7.63
61,tasiilaq,56,30.2,54,65.61,-37.64,3.36
62,kodiak,1,84.02,62,39.95,-94.76,10.29
63,khatanga,64,30.56,94,71.98,102.47,11.99
64,lebu,20,51.8,76,8.96,38.73,4.7
65,chimbote,68,62.6,94,-9.08,-78.59,4.16
66,talnakh,80,30.74,94,69.49,88.39,18.48
67,san quintin,75,77.0,83,17.54,120.52,2.24
68,yerbogachen,64,38.84,61,61.28,108.01,6.73
69,palembang,20,86.0,70,-2.99,104.76,10.29
70,port macquarie,56,71.6,64,-31.43,152.91,3.36
71,arraial do cabo,75,75.2,83,-22.97,-42.02,3.36
72,katsuura,75,64.4,93,33.93,134.5,5.82
73,mastic beach,40,64.62,93,40.77,-72.85,3.83
74,mahajanga,0,73.4,88,-15.72,46.32,7.96
75,bayir,0,59.0,87,37.27,28.22,3.36
76,punta arenas,40,41.0,75,-53.16,-70.91,14.99
77,acapulco,90,82.4,88,16.86,-99.88,6.93
78,naryshkino,92,42.71,96,52.97,35.72,19.82
79,gravdal,92,46.4,87,59.79,5.78,12.75
80,beaverlodge,75,37.4,47,55.21,-119.43,5.82
81,willowmore,0,28.58,79,-33.3,23.49,2.15
82,tuatapere,68,46.94,100,-46.13,167.69,9.86
83,cuamba,20,69.44,51,-14.8,36.54,8.63
84,kavieng,24,85.73,100,-2.57,150.8,4.38
85,richards bay,100,57.83,99,-28.77,32.06,13.89
86,terre haute,1,77.94,69,39.47,-87.41,13.87
87,saskylakh,64,29.93,92,71.97,114.09,12.44
88,arroyos y esteros,75,66.2,82,-25.05,-57.1,10.29
89,mabaruma,20,80.69,88,8.2,-59.78,8.63
90,sao filipe,20,79.16,95,14.9,-24.5,13.33
91,lagoa,0,69.8,68,37.14,-8.45,4.7
92,nikolskoye,75,42.8,87,59.7,30.79,11.18
93,cherskiy,88,36.05,88,68.75,161.3,7.18
94,biltine,32,77.36,56,14.53,20.93,10.76
95,sharanga,92,53.33,96,57.18,46.54,16.91
96,severobaykalsk,92,30.74,73,55.65,109.32,7.18
97,pitimbu,20,77.0,83,-7.47,-34.81,8.05
98,tomigusuku,75,80.35,91,26.18,127.67,31.09
99,provideniya,90,50.0,81,64.42,-173.23,13.42
100,prince rupert,1,51.8,50,54.32,-130.32,4.7
101,moroni,88,48.56,100,39.52,-111.59,1.92
102,chuzhou,0,69.8,64,32.25,118.33,4.47
103,luderitz,0,66.2,53,-26.65,15.16,23.73
104,starosubkhangulovo,68,38.48,76,53.1,57.43,5.95
105,port lincoln,8,57.29,91,-34.72,135.86,13.78
106,castro,0,40.1,100,-42.48,-73.76,5.39
107,karratha,12,98.15,17,-20.74,116.85,7.29
108,uporovo,32,44.15,66,56.31,66.27,10.42
109,tiarei,40,82.4,58,-17.53,-149.33,9.17
110,belmonte,0,49.73,71,40.36,-7.35,5.17
111,butaritari,8,85.1,100,3.07,172.79,6.4
112,rapar,12,73.49,84,23.57,70.65,4.5
113,guantanamo,32,72.5,75,-16.14,-62.05,7.96
114,flinders,90,55.4,100,-34.58,150.85,11.41
115,saint-philippe,75,51.48,99,45.36,-73.48,3.36
116,petropavlovsk-kamchatskiy,20,55.4,50,53.05,158.65,13.42
117,sabang,24,82.76,94,13.72,123.58,4.72
118,hammerfest,20,37.4,69,70.66,23.68,23.04
119,pevek,68,40.73,100,69.7,170.27,6.51
120,qaanaaq,0,16.34,100,77.48,-69.36,15.57
121,paithan,0,77.54,72,19.48,75.39,4.16
122,daru,88,71.42,100,7.99,-10.85,3.15
123,los llanos de aridane,68,71.6,78,28.66,-17.92,6.93
124,kaitangata,92,46.04,100,-46.28,169.85,12.21
125,bubaque,80,80.24,100,11.28,-15.83,13.0
126,lompoc,90,67.39,72,34.64,-120.46,5.82
127,victoria,75,86.0,79,5.28,115.24,4.7
128,beringovskiy,92,46.22,99,63.05,179.32,16.24
129,ahipara,100,59.0,85,-35.17,173.16,11.88
130,barabinsk,0,45.68,75,55.35,78.35,12.21
131,kiama,90,55.4,100,-34.67,150.86,11.41
132,santa maria,40,60.8,93,-29.69,-53.81,8.05
133,vilhena,80,71.06,96,-12.74,-60.15,2.59
134,ribeira grande,76,72.32,99,38.52,-28.7,10.76
135,mocuba,0,67.82,80,-16.84,36.99,4.5
136,palu,12,76.28,78,-0.9,119.87,2.15
137,guerande,90,51.08,100,48.47,-4.17,5.82
138,swellendam,0,44.6,87,-34.02,20.44,3.36
139,severnoye,80,54.77,54,54.09,52.54,12.21
140,dikson,76,38.03,100,73.51,80.55,19.04
141,chuy,56,51.8,89,-33.69,-53.46,5.17
142,escanaba,90,69.8,88,45.75,-87.06,12.75
143,new norfolk,40,53.6,46,-42.78,147.06,8.05
144,saint-augustin,0,51.62,87,44.83,-0.61,2.24
145,torbay,90,44.6,81,47.66,-52.73,12.75
146,lavrentiya,92,47.03,87,65.58,-170.99,21.83
147,dzhebariki-khaya,92,38.3,98,62.22,135.8,5.39
148,fort nelson,75,39.2,41,58.81,-122.69,8.05
149,cap malheureux,20,60.8,82,-19.98,57.61,9.17
150,salmon arm,76,33.8,93,50.7,-119.29,0.92
151,bethel,90,48.92,89,60.79,-161.76,12.75
152,kupang,20,87.8,52,-10.16,123.6,4.7
153,ketchikan,1,49.01,70,55.34,-131.65,5.82
154,valparaiso,40,80.92,54,41.47,-87.06,17.22
155,kavaratti,56,83.3,100,10.57,72.64,11.21
156,thompson,40,30.2,54,55.74,-97.86,13.87
157,dakar,8,82.4,88,14.69,-17.45,6.93
158,winneba,20,77.0,94,5.35,-0.62,9.17
159,torbat-e jam,0,48.2,76,35.24,60.63,4.16
160,dedougou,8,76.46,73,12.47,-3.47,3.38
161,umm kaddadah,0,74.12,64,13.6,26.69,9.64
162,doha,0,86.0,74,25.29,51.53,5.82
163,komsomolskiy,92,40.28,95,67.55,63.78,15.01
164,jatiroto,12,80.24,81,-7.61,109.46,13.44
165,abapo,92,58.28,95,-18.83,-63.47,2.59
166,westport,80,55.49,99,53.8,-9.52,16.35
167,barrow,0,43.43,68,-38.31,-60.23,5.61
168,port augusta,90,59.0,58,-32.49,137.76,18.34
169,severo-kurilsk,56,47.3,96,50.68,156.12,21.83
170,rey bouba,20,69.08,94,8.67,14.18,3.15
171,tezu,0,69.98,73,27.93,96.16,1.7
172,upernavik,68,30.11,100,72.79,-56.15,8.75
173,krasnouralsk,76,47.66,83,58.36,60.04,5.5
174,arlit,8,72.23,41,18.74,7.39,2.82
175,puerto ayora,0,70.43,100,-0.74,-90.35,12.1
176,lichtenau,20,42.64,81,51.62,8.9,8.05
177,tyrma,0,61.52,54,50.04,132.17,4.94
178,guayaramerin,0,76.37,87,-10.82,-65.36,2.93
179,alta floresta,12,73.76,97,-9.87,-56.08,2.04
180,valdivia,0,46.31,84,-39.81,-73.25,8.97
181,atar,44,84.29,28,20.52,-13.05,7.18
182,lata,44,55.22,82,30.78,78.62,2.04
183,vaitape,44,77.36,100,-16.52,-151.75,23.06
184,minab,20,82.4,83,27.15,57.07,4.7
185,souillac,0,51.8,87,45.6,-0.6,3.36
186,hami,0,56.21,43,42.84,93.51,5.73
187,haimen,8,76.55,68,31.87,121.18,19.04
188,codrington,76,76.91,62,-28.95,153.24,3.38
189,port-gentil,64,76.55,99,-0.72,8.78,6.17
190,sao joao da barra,0,75.2,83,-21.64,-41.05,6.93
191,qaqortoq,12,35.6,55,60.72,-46.03,5.82
192,lorengau,24,84.47,100,-2.02,147.27,2.59
193,nuuk,8,32.0,100,64.17,-51.74,4.7
194,neiafu,75,78.8,83,-18.65,-173.98,16.11
195,ballina,64,55.31,98,54.11,-9.15,14.45
196,camacha,20,68.0,82,33.08,-16.33,4.7
197,tigil,92,43.7,92,57.8,158.67,9.42
198,iqaluit,90,32.0,100,63.75,-68.52,19.46
199,soyo,64,74.21,91,-6.13,12.37,3.6
200,byron bay,32,73.4,60,-28.65,153.62,19.46
201,sitka,56,73.58,82,37.17,-99.65,5.5
202,monteiro,20,70.88,82,-7.89,-37.12,10.31
203,nijar,0,66.2,72,36.97,-2.21,6.93
204,yellowknife,90,24.8,62,62.45,-114.38,4.7
205,doliana,40,64.4,93,39.9,20.58,1.81
206,killybegs,92,55.67,99,54.63,-8.45,15.9
207,riyadh,0,73.4,20,24.63,46.72,2.71
208,nedjo,48,55.13,92,9.5,35.5,2.71
209,tooele,1,63.21,77,40.53,-112.3,3.36
210,port elizabeth,1,65.93,90,39.31,-74.98,3.36
211,bilasipara,36,78.44,86,26.2,90.29,4.72
212,la libertad,0,57.2,14,-16.38,-71.56,8.05
213,kotma,0,82.22,62,23.2,81.98,3.94
214,kenai,90,55.04,56,60.55,-151.26,12.75
215,tutoia,0,78.26,83,-2.76,-42.27,15.57
216,laguna,5,87.8,52,27.52,-110.01,3.94
217,henties bay,0,59.63,91,-22.12,14.28,7.96
218,makakilo city,75,84.49,59,21.35,-158.09,9.17
219,nemuro,20,68.0,34,43.32,145.57,12.75
220,vila franca do campo,75,69.8,77,37.72,-25.43,6.93
221,fairbanks,1,59.0,6,64.84,-147.72,6.93
222,buraydah,0,71.6,35,26.33,43.97,5.82
223,muyezerskiy,0,28.04,100,63.93,31.65,5.95
224,meulaboh,92,77.27,100,4.14,96.13,3.15
225,tsabong,0,51.53,25,-26.02,22.4,13.22
226,columbus,75,74.8,100,32.46,-84.99,2.37
227,cockburn town,64,82.4,100,21.46,-71.14,9.42
228,mukhen,0,60.89,53,48.19,136.14,4.72
229,itoman,75,80.33,91,26.12,127.67,31.09
230,jesup,1,73.96,83,31.61,-81.89,2.71
231,kuzino,92,46.94,69,57.02,59.44,6.29
232,soeng sang,20,78.8,83,14.43,102.46,9.17
233,baruun-urt,0,62.15,30,46.68,113.28,16.24
234,espoo,20,37.4,86,60.22,24.66,12.75
235,kailua,1,84.54,74,21.39,-157.74,9.17
236,roebourne,12,98.15,17,-20.77,117.15,7.29
237,karasuk,0,44.6,79,53.73,78.03,10.98
238,faanui,64,78.17,100,-16.48,-151.75,21.83
239,leh,56,14.0,68,34.16,77.58,1.92
240,vardo,1,68.04,96,39.62,-77.74,2.82
241,pangnirtung,88,25.88,88,66.15,-65.72,11.43
242,te anau,100,44.6,100,-45.41,167.72,2.26
243,kahului,40,82.54,67,20.89,-156.47,17.22
244,pangai,90,77.0,94,-19.8,-174.35,20.8
245,san nicola,0,57.24,100,40.61,8.99,1.12
246,marrakesh,0,69.8,49,31.63,-7.99,2.24
247,alekseyevka,75,57.2,93,53.25,50.49,13.42
248,bethanien,0,48.83,16,-26.5,17.16,7.18
249,cherepovets,92,43.97,99,59.13,37.92,6.96
250,quatre cocos,20,60.8,82,-20.21,57.76,9.17
251,esperance,20,80.6,88,10.24,-61.45,5.82
252,hofn,92,45.59,100,64.25,-15.21,15.9
253,draguignan,0,57.78,76,43.54,6.46,2.24
254,aljezur,0,65.84,100,37.31,-8.8,2.82
255,juneau,90,48.92,8,58.3,-134.42,6.93
256,paracatu,36,71.51,80,-17.22,-46.87,4.05
257,pisco,0,64.4,82,-13.71,-76.2,9.17
258,hamilton,75,59.74,93,43.26,-79.87,4.7
259,rio grande,0,53.24,100,-32.03,-52.1,4.5
260,faratsiho,0,46.58,82,-19.41,46.95,2.59
261,udachnyy,88,29.75,79,66.42,112.4,4.72
262,gizo,40,77.0,78,31.8,34.94,1.12
263,smithers,75,37.4,47,54.78,-127.17,3.36
264,alyangula,0,83.93,83,-13.85,136.42,8.63
265,pangkalanbuun,20,86.09,82,-2.68,111.62,6.73
266,borogontsy,68,40.37,83,62.67,131.17,4.72
267,nishihara,90,68.83,81,35.74,139.53,4.7
268,savannah bight,92,78.17,100,16.45,-85.85,3.83
269,iralaya,92,76.73,100,15.0,-83.23,8.63
270,matara,0,38.84,84,-13.74,-72.9,1.92
271,alabat,56,81.23,98,14.11,122.01,7.18
272,airai,0,86.81,42,-8.93,125.41,1.14
273,chernyshevskiy,64,38.12,75,63.01,112.47,7.18
274,labuhan,20,85.1,73,-2.54,115.51,2.26
275,kathmandu,40,66.2,77,27.71,85.32,1.92
276,bilibino,68,37.13,90,68.06,166.44,3.04
277,cabo san lucas,5,83.41,74,22.89,-109.91,6.93
278,ferme-neuve,80,51.26,95,46.7,-75.45,8.86
279,plettenberg bay,0,56.3,100,-34.05,23.37,6.4
280,havelock,1,75.87,87,34.88,-76.9,4.7
281,nipawin,40,30.2,50,53.36,-104.02,9.17
282,college,1,57.72,7,64.86,-147.8,4.7
283,bamberg,1,72.95,78,33.3,-81.03,3.36
284,ucluelet,75,51.8,66,48.94,-125.55,6.93
285,nabire,80,76.28,88,-3.36,135.5,1.14
286,reconquista,32,57.2,73,-29.14,-59.64,8.97
287,broken hill,20,60.62,93,-31.97,141.45,20.49
288,maniitsoq,88,31.46,100,65.42,-52.9,5.28
289,agadez,56,75.74,53,16.97,7.99,3.38
290,vostok,0,60.8,49,46.45,135.83,2.82
291,mackay,40,31.1,60,53.65,-115.58,2.24
292,yamoto,75,69.8,60,38.43,141.21,6.93
293,ardmore,1,73.81,78,34.99,-86.85,4.7
294,naron,0,55.4,93,43.52,-8.15,6.93
295,dudinka,92,33.35,88,69.41,86.18,19.26
296,high level,20,26.6,53,58.52,-117.13,4.7
297,kurilsk,0,58.64,80,45.23,147.88,15.23
298,arkhipo-osipovka,92,60.89,100,44.37,38.53,6.29
299,teya,20,80.6,78,21.05,-89.07,4.7
300,tura,56,76.01,97,25.52,90.21,3.38
301,shieli,0,54.68,38,44.18,66.74,14.23
302,kaeo,92,56.39,91,-35.1,173.78,11.43
303,ambon,0,51.8,93,47.55,-2.56,4.7
304,auki,12,71.06,88,12.18,6.51,6.73
305,kudahuvadhoo,36,82.4,100,2.67,72.89,23.29
306,longyearbyen,75,32.0,100,78.22,15.63,12.75
307,ossora,80,44.24,99,59.24,163.07,20.71
308,barra do garcas,12,74.21,77,-15.89,-52.26,3.38
309,egvekinot,92,44.06,95,66.32,-179.17,8.19
310,verkhnevilyuysk,64,41.36,69,63.45,120.31,8.19
311,yulara,0,75.2,36,-25.24,130.99,14.99
312,yaan,76,74.66,96,7.38,8.57,8.08
313,coquimbo,0,53.6,87,-29.95,-71.34,6.93
314,dauriya,0,63.86,31,49.93,116.85,11.99
315,thohoyandou,76,59.54,65,-22.97,30.46,12.21
316,saint george,20,62.6,93,39.45,22.34,2.24
317,narsaq,12,35.6,55,60.91,-46.05,5.82
318,praya,20,87.8,52,-8.71,116.27,8.05
319,lamu,0,87.08,60,0.57,122.3,4.16
320,sulangan,56,83.21,100,11.14,123.72,6.85
321,seoul,40,68.72,63,37.57,126.98,10.29
322,anjad,20,83.57,66,22.04,75.06,4.72
323,dingle,48,81.32,92,11.0,122.67,4.38
324,turochak,0,39.83,95,52.26,87.12,3.27
325,sardarshahr,0,78.53,51,28.43,74.48,3.71
326,petatlan,90,86.0,70,17.52,-101.27,9.98
327,katobu,8,87.8,72,-4.94,122.53,5.61
328,aksu,0,37.4,100,52.04,76.93,6.71
329,bambous virieux,20,60.8,82,-20.34,57.76,9.17
330,hobyo,12,75.38,93,5.35,48.53,12.33
331,svetlogorsk,48,39.2,64,53.14,59.15,4.47
332,la rioja,68,56.48,55,-29.41,-66.86,3.38
333,kurim,0,42.76,75,49.3,16.53,6.93
334,tolosa,32,51.31,93,43.14,-2.07,3.36
335,clarence town,90,66.2,88,-32.59,151.78,9.17
336,naze,76,73.31,99,5.43,7.07,2.93
337,kawalu,0,76.82,70,-7.38,108.21,2.71
338,porto novo,75,68.0,100,-23.68,-45.44,3.36
339,svetlaya,0,59.81,87,46.54,138.33,4.72
340,gorbehaza,0,39.38,86,47.83,21.23,6.4
341,amahai,64,80.33,100,-3.31,129.0,10.2
342,maragogi,76,74.3,91,-9.01,-35.22,6.62
343,shelburne,90,58.98,87,44.08,-80.2,14.99
344,beauchamps,90,57.2,93,48.83,-1.36,3.36
345,golden,56,23.63,85,51.3,-116.96,1.7
346,whyalla,90,59.0,58,-33.04,137.58,18.34
347,constitucion,5,73.4,40,23.99,-104.67,4.7
348,eureka,90,55.72,82,40.8,-124.16,11.41
349,aswan,0,86.0,28,24.09,32.9,6.93
350,jacksonville,75,76.84,88,30.33,-81.66,4.7
351,presidencia roque saenz pena,68,62.33,73,-26.79,-60.44,8.63
352,srednekolymsk,88,33.08,69,67.46,153.71,4.16
353,dawlatabad,0,58.28,56,36.41,64.91,3.94
354,ancud,12,41.0,87,-41.87,-73.83,5.17
355,topolobampo,5,87.8,52,25.6,-109.05,14.99
356,anaconda,1,51.08,8,46.13,-112.94,12.75
357,klyuchi,0,44.96,68,52.25,79.17,8.63
358,kotka,75,35.6,93,60.47,26.95,10.29
359,mookane,0,57.65,32,-23.68,26.66,9.42
360,ciudad bolivar,20,85.46,57,8.12,-63.55,12.88
361,laela,68,60.26,85,-8.57,32.05,2.93
362,santa catalina,40,84.2,83,9.33,122.86,4.7
363,kargasok,64,47.03,69,59.06,80.87,6.96
364,abha,0,64.4,34,18.22,42.5,1.36
365,peniche,0,61.74,54,39.36,-9.38,4.7
366,tromso,75,37.4,74,69.65,18.96,21.92
367,arman,0,50.0,64,59.7,150.17,11.18
368,turayf,40,75.2,29,31.68,38.65,4.7
369,kirovsk,68,30.74,99,67.62,33.66,2.93
370,port-cartier,90,42.8,100,50.03,-66.88,11.41
371,skibbereen,75,53.6,100,51.55,-9.27,6.93
372,mareeba,20,82.4,51,-16.99,145.42,14.99
373,bainbridge,12,75.43,73,30.9,-84.58,6.73
374,saint anthony,1,62.28,39,43.97,-111.68,10.29
375,denpasar,20,82.4,69,-8.65,115.22,8.05
376,nazas,0,64.13,45,25.22,-104.11,5.28
377,turukhansk,76,33.35,93,65.8,87.96,18.92
378,kulhudhuffushi,92,78.71,100,6.62,73.07,14.79
379,yeppoon,0,82.4,34,-23.13,150.74,6.93
380,pangody,92,41.45,98,65.85,74.49,10.54
381,omboue,88,77.81,100,-1.57,9.26,5.28
382,mahebourg,20,60.8,82,-20.41,57.7,9.17
383,sergeyevka,8,36.23,83,53.88,67.42,3.27
384,namibe,0,66.47,99,-15.19,12.15,3.83
385,sioux lookout,90,32.0,100,50.1,-91.92,20.8
386,nanortalik,24,35.78,96,60.14,-45.24,20.49
387,coahuayana,80,66.29,93,18.62,-100.35,2.37
388,thunder bay,90,53.6,100,48.41,-89.26,6.93
389,port keats,0,89.06,72,-14.25,129.55,8.97
390,marawi,24,81.95,67,8.0,124.29,3.04
391,klaksvik,92,48.2,93,62.23,-6.59,13.87
392,lucea,40,80.6,69,18.44,-78.17,4.7
393,gerash,0,68.0,40,27.67,54.14,1.81
394,tual,56,81.68,96,-5.67,132.75,12.21
395,nome,1,77.59,87,30.04,-94.42,4.38
396,gawler,75,59.0,47,-34.6,138.75,17.22
397,dicabisagan,0,83.3,90,17.08,122.42,4.72
398,san vicente,0,79.7,83,13.64,-88.78,2.24
399,sept-iles,90,42.8,100,50.2,-66.38,11.41
400,cayenne,40,77.0,100,4.94,-52.33,8.52
401,vostochnyy,75,42.8,100,55.82,37.87,11.18
402,kopavogur,90,40.06,80,64.11,-21.91,20.8
403,burnie,24,51.08,100,-41.05,145.91,3.49
404,usinsk,76,41.99,97,66.0,57.56,10.98
405,aleksandrov gay,76,57.47,94,50.14,48.57,14.56
406,tessalit,0,66.2,30,20.2,1.01,8.19
407,north bend,1,53.76,80,43.41,-124.22,6.93
408,adrar,0,71.6,26,27.87,-0.29,11.41
409,birao,20,69.08,96,10.3,22.78,4.94
410,ust-tsilma,32,40.28,94,65.44,52.15,5.17
411,saldanha,0,46.31,86,41.42,-6.55,4.61
412,huntsville,1,74.52,78,34.73,-86.59,4.7
413,kirksville,1,81.82,61,40.19,-92.58,11.41
414,sakaiminato,75,70.63,56,35.55,133.23,17.22
415,miri,64,66.2,93,10.31,9.75,2.82
416,diu,0,80.87,57,20.71,70.98,4.27
417,banda aceh,36,81.14,92,5.56,95.32,1.81
418,neustrelitz,48,48.83,78,53.36,13.06,11.99
419,harper,1,75.96,71,30.3,-99.24,9.75
420,benguela,0,68.63,99,-12.58,13.4,2.71
421,alofi,92,78.8,69,-19.06,-169.92,14.99
422,itaueira,32,75.11,48,-7.6,-43.03,5.95
423,lima,76,59.99,81,-12.06,-77.04,1.59
424,maluso,40,87.8,62,6.54,121.88,6.93
425,khonsa,0,76.28,82,26.99,95.51,1.92
426,kontagora,56,70.7,97,10.4,5.47,4.94
427,banfora,24,71.06,90,10.64,-4.75,2.71
428,chenzhou,0,73.58,59,25.81,113.03,5.95
429,mbanza-ngungu,64,69.26,95,-5.25,14.87,5.95
430,fengrun,0,75.74,61,39.83,118.12,4.38
431,moron,8,69.98,91,10.49,-68.2,2.48
432,dongsheng,0,76.28,62,29.72,112.52,4.94
433,bomet,12,48.83,90,-0.78,35.34,3.83
434,kirakira,8,82.22,100,-10.46,161.92,11.99
435,necochea,20,44.42,89,-38.55,-58.74,7.74
436,riachao das neves,68,81.86,39,-11.75,-44.91,5.17
437,elizabeth city,1,74.1,95,36.3,-76.22,6.73
438,chumikan,0,58.91,53,54.72,135.31,12.88
439,redlands,75,74.61,64,34.06,-117.19,5.82
440,salvador,20,78.8,74,-12.98,-38.48,8.05
441,darhan,92,33.8,78,49.49,105.92,19.71
442,kuandian,0,65.21,73,40.73,124.78,3.38
443,roald,92,43.34,65,62.58,6.12,8.05
444,paris,90,50.9,81,48.86,2.35,3.36
445,mersing,8,86.81,88,2.43,103.84,5.61
446,wexford,1,68.72,96,40.63,-80.06,3.36
447,logan,1,63.72,55,41.73,-111.83,4.7
448,tasgaon,0,72.68,97,17.04,74.6,4.5
449,vao,92,41.81,91,59.1,26.19,15.23
450,alexander city,1,75.02,76,32.94,-85.95,3.38
451,synya,88,42.26,96,65.37,58.04,8.08
452,nalut,0,46.58,80,31.86,10.98,2.71
453,brae,92,52.81,100,60.4,-1.35,14.99
454,atasu,0,40.1,60,48.68,71.64,5.95
455,taseyevo,92,40.46,83,57.22,94.9,6.06
456,touros,100,75.83,95,-5.2,-35.46,11.99
457,mizan teferi,88,60.53,95,6.99,35.58,3.15
458,mahanoro,12,60.98,100,-19.9,48.8,2.82
459,requena,0,60.8,67,39.49,-1.1,4.7
460,ponta do sol,68,66.47,87,-20.63,-46.0,3.71
461,chara,20,62.6,93,39.42,22.43,2.24
462,uruzgan,0,37.58,44,32.93,66.63,3.04
463,san felipe,0,59.0,28,-32.75,-70.73,2.24
464,winnemucca,75,64.04,41,40.97,-117.74,1.92
465,truckee,90,51.3,93,39.33,-120.18,2.15
466,broome,0,51.28,93,52.47,1.45,8.05
467,middleton,90,64.4,93,44.94,-65.07,9.08
468,oistins,40,82.4,78,13.07,-59.53,10.29
469,malinovoye ozero,0,44.51,74,51.68,79.77,2.82
470,islamkot,8,73.76,90,24.7,70.18,4.61
471,la paz,40,86.0,66,24.15,-110.32,6.93
472,mogadishu,0,78.44,99,2.04,45.34,14.67
473,pokrovskoye,36,49.64,79,47.41,38.9,7.85
474,hirara,75,76.1,94,24.8,125.28,50.55
475,mehamn,88,36.95,96,71.03,27.85,14.9
476,brandon,40,44.04,65,43.59,-96.57,23.04
477,neya,92,48.56,97,58.29,43.89,10.31
478,ereymentau,0,40.73,61,51.62,73.1,8.52
479,beloha,36,58.73,91,-25.17,45.06,3.38
480,gimli,0,35.06,99,50.63,-96.99,14.23
481,luanda,0,70.79,100,-8.83,13.24,2.59
482,chifeng,0,68.63,31,42.27,118.96,5.06
483,padang,20,81.32,100,-0.92,100.36,1.36
484,cap-aux-meules,90,57.2,93,47.38,-61.86,19.46
485,inhambane,8,68.0,100,-23.87,35.38,10.31
486,ust-ilimsk,0,39.38,66,57.96,102.73,4.38
487,mount isa,0,89.6,22,-20.73,139.49,8.05
488,sharan,8,45.41,71,33.15,68.78,2.71
489,dehloran,0,68.63,36,32.69,47.27,2.26
490,moranbah,0,84.29,32,-22.0,148.04,4.61
491,alpena,40,67.78,91,45.06,-83.43,13.87
492,ambam,44,66.56,92,9.52,8.32,2.71
493,rorvik,76,43.34,100,64.86,11.24,4.05
494,kukushtan,92,48.2,93,57.65,56.5,6.71
495,copiapo,88,55.4,82,-27.37,-70.33,4.7
496,palanga,8,46.13,69,44.45,25.08,9.98
497,baturaja,24,89.96,61,-4.12,104.17,5.95
498,zhigansk,92,35.15,100,66.77,123.37,3.83
499,teguise,0,73.4,78,29.06,-13.56,8.05
500,ruteng,20,84.56,59,-8.61,120.46,5.73
501,kloulklubed,75,87.8,66,7.04,134.26,8.05
502,san cristobal,75,53.6,87,-0.39,-78.55,3.36
503,rawson,8,53.06,42,-43.3,-65.11,7.63
504,mnogovershinnyy,0,55.13,50,53.94,139.92,8.19
505,fare,80,77.36,100,-16.7,-151.02,21.72
506,de-kastri,8,55.13,78,51.48,140.77,13.67
507,belyy yar,40,41.0,86,53.6,91.39,4.47
508,dunedin,100,55.58,86,-45.87,170.5,8.08
509,darnah,48,78.17,94,32.77,22.64,13.78
510,foki,92,48.56,99,56.69,54.35,9.19
511,tkibuli,75,60.8,93,42.35,43.0,3.36
512,tahoua,36,82.58,60,14.89,5.26,4.83
513,ekibastuz,0,44.24,64,51.72,75.32,8.3
514,pahrump,1,78.55,26,36.21,-115.98,10.29
515,belaya gora,36,30.38,97,68.54,146.19,4.61
516,grants pass,90,61.25,83,42.44,-123.33,1.7
517,yining,0,75.11,36,29.04,114.56,4.38
518,cooma,92,49.19,100,-36.24,149.13,4.61
519,miquelon,76,52.43,96,47.1,-56.38,18.7
520,altay,0,32.36,71,47.83,88.13,3.15
521,launceston,8,57.2,54,-41.43,147.14,3.36
522,labuan,75,86.0,79,5.28,115.24,4.7
523,mega,20,55.94,90,4.06,38.32,5.39
524,nurota,0,57.2,50,40.56,65.69,4.7
525,brainerd,90,38.37,80,46.36,-94.2,16.11
526,vanimo,24,85.91,100,-2.67,141.3,4.94
527,zhicheng,0,76.01,40,35.04,112.59,3.15
528,chicama,75,64.4,88,-7.84,-79.15,6.93
529,cuajinicuilapa,68,79.34,100,16.47,-98.41,2.48
530,hartford,90,61.65,96,41.76,-72.69,3.36
531,oussouye,75,78.8,100,12.49,-16.54,2.24
532,praia da vitoria,20,68.0,94,38.73,-27.07,9.08
533,contamana,44,79.25,78,-7.35,-75.01,0.69
534,coihaique,0,42.8,70,-45.58,-72.07,4.7
535,sontra,0,39.2,93,51.07,9.94,1.12
536,corowa,92,67.1,49,-36.0,146.39,4.7
537,lebowakgomo,100,55.4,71,-24.3,29.54,3.36
